{
"nodes": [
{"id": "Month.winter","group":0},
{"id": "Month.spring","group":0},
{"id": "Month.summer","group":0},
{"id": "Month.autumn","group":0},
{"id": "DayOfMonth.beginning","group":1},
{"id": "DayOfMonth.middle","group":1},
{"id": "DayOfMonth.end","group":1},
{"id": "DayOfWeek.beginning","group":2},
{"id": "DayOfWeek.end","group":2},
{"id": "DayOfWeek.weekend","group":2},
{"id": "DepTime.morning","group":3},
{"id": "DepTime.midday","group":3},
{"id": "DepTime.afternoon","group":3},
{"id": "DepTime.evening","group":3},
{"id": "DepTime.night","group":3},
{"id": "ArrTime.morning","group":4},
{"id": "ArrTime.midday","group":4},
{"id": "ArrTime.afternoon","group":4},
{"id": "ArrTime.evening","group":4},
{"id": "ArrTime.night","group":4},
{"id": "AirTime.veryShort","group":5},
{"id": "AirTime.short","group":5},
{"id": "AirTime.medium","group":5},
{"id": "AirTime.long","group":5},
{"id": "AirTime.veryLong","group":5},
{"id": "ArrDelay.early","group":6},
{"id": "ArrDelay.onTime","group":6},
{"id": "ArrDelay.short","group":6},
{"id": "ArrDelay.acceptable","group":6},
{"id": "ArrDelay.long","group":6},
{"id": "ArrDelay.veryLong","group":6},
{"id": "DepDelay.none","group":7},
{"id": "DepDelay.short","group":7},
{"id": "DepDelay.acceptable","group":7},
{"id": "DepDelay.long","group":7},
{"id": "DepDelay.veryLong","group":7},
{"id": "Origin.main","group":8},
{"id": "Origin.big","group":8},
{"id": "Origin.medium","group":8},
{"id": "Origin.small","group":8},
{"id": "Dest.main","group":9},
{"id": "Dest.big","group":9},
{"id": "Dest.medium","group":9},
{"id": "Dest.small","group":9},
{"id": "Distance.veryShort","group":10},
{"id": "Distance.short","group":10},
{"id": "Distance.medium","group":10},
{"id": "Distance.long","group":10},
{"id": "Distance.veryLong","group":10},
{"id": "TaxiIn.short","group":11},
{"id": "TaxiIn.medium","group":11},
{"id": "TaxiIn.long","group":11},
{"id": "TaxiOut.short","group":12},
{"id": "TaxiOut.medium","group":12},
{"id": "TaxiOut.long","group":12},
{"id": "CarrierDelay.none","group":13},
{"id": "CarrierDelay.short","group":13},
{"id": "CarrierDelay.acceptable","group":13},
{"id": "CarrierDelay.long","group":13},
{"id": "CarrierDelay.veryLong","group":13},
{"id": "WeatherDelay.none","group":14},
{"id": "WeatherDelay.short","group":14},
{"id": "WeatherDelay.acceptable","group":14},
{"id": "WeatherDelay.long","group":14},
{"id": "WeatherDelay.veryLong","group":14},
{"id": "SecurityDelay.none","group":15},
{"id": "SecurityDelay.short","group":15},
{"id": "SecurityDelay.acceptable","group":15},
{"id": "SecurityDelay.long","group":15},
{"id": "SecurityDelay.veryLong","group":15},
{"id": "LateAircraftDelay.none","group":16},
{"id": "LateAircraftDelay.short","group":16},
{"id": "LateAircraftDelay.acceptable","group":16},
{"id": "LateAircraftDelay.long","group":16},
{"id": "LateAircraftDelay.veryLong","group":16}
],
"links": [
{"source": "AirTime.medium","target":"Distance.long","value": 0.871743486974},
{"source": "AirTime.medium","target":"TaxiIn.long","value": 0.871743486974},
{"source": "AirTime.long","target":"ArrTime.morning","value": 0.814609218437},
{"source": "AirTime.long","target":"DepDelay.short","value": 0.935871743487},
{"source": "AirTime.long","target":"Distance.long","value": 0.96993987976},
{"source": "DepDelay.short","target":"AirTime.long","value": 0.919839679359},
{"source": "DepDelay.short","target":"TaxiIn.long","value": 0.839679358717},
{"source": "Distance.long","target":"AirTime.medium","value": 0.904312827335},
{"source": "Distance.long","target":"AirTime.long","value": 0.957915831663},
{"source": "TaxiIn.long","target":"AirTime.medium","value": 0.866821362022},
{"source": "TaxiIn.long","target":"DepDelay.short","value": 0.871743486974},
{"source": "TaxiIn.long","target":"CarrierDelay.short","value": 0.841683366733},
{"source": "TaxiIn.long","target":"LateAircraftDelay.none","value": 0.861723446894},
{"source": "TaxiIn.long","target":"LateAircraftDelay.acceptable","value": 0.857715430862},
{"source": "TaxiOut.long","target":"ArrDelay.veryLong","value": 0.804507892189},
{"source": "TaxiOut.long","target":"CarrierDelay.veryLong","value": 0.912825651303},
{"source": "TaxiOut.long","target":"LateAircraftDelay.acceptable","value": 0.857715430862},
{"source": "CarrierDelay.short","target":"TaxiIn.long","value": 0.803607214429},
{"source": "CarrierDelay.veryLong","target":"TaxiOut.long","value": 0.920641282565},
{"source": "CarrierDelay.veryLong","target":"LateAircraftDelay.none","value": 0.867735470942},
{"source": "WeatherDelay.acceptable","target":"ArrDelay.veryLong","value": 0.80668002672},
{"source": "WeatherDelay.acceptable","target":"LateAircraftDelay.veryLong","value": 0.880630826871},
{"source": "WeatherDelay.long","target":"ArrDelay.veryLong","value": 0.80668002672},
{"source": "WeatherDelay.long","target":"LateAircraftDelay.veryLong","value": 0.908483633935},
{"source": "SecurityDelay.short","target":"ArrDelay.veryLong","value": 0.80668002672},
{"source": "SecurityDelay.short","target":"LateAircraftDelay.veryLong","value": 0.908483633935},
{"source": "SecurityDelay.acceptable","target":"LateAircraftDelay.short","value": 0.921843687375},
{"source": "LateAircraftDelay.none","target":"TaxiIn.long","value": 0.847695390782},
{"source": "LateAircraftDelay.none","target":"CarrierDelay.veryLong","value": 0.864236670061},
{"source": "LateAircraftDelay.short","target":"SecurityDelay.acceptable","value": 0.891783567134},
{"source": "LateAircraftDelay.acceptable","target":"TaxiIn.long","value": 0.811623246493},
{"source": "LateAircraftDelay.acceptable","target":"TaxiOut.long","value": 0.894038076152},
{"source": "LateAircraftDelay.veryLong","target":"WeatherDelay.acceptable","value": 0.843687374749},
{"source": "LateAircraftDelay.veryLong","target":"WeatherDelay.long","value": 0.843687374749},
{"source": "LateAircraftDelay.veryLong","target":"SecurityDelay.short","value": 0.843687374749},
