letter	frequency
Month winter	1.0000000000000009
Month spring	0.0
Month summer	0.0
Month autumn	0.0
DayOfMonth beginning	1.0000000000000009
DayOfMonth middle	0.0
DayOfMonth end	0.0
DayOfWeek beginning	0.0
DayOfWeek end	0.0
DayOfWeek weekend	1.0000000000000009
DepTime morning	0.29222444889779575
DepTime midday	0.24831090752934462
DepTime afternoon	0.16313197824219877
DepTime evening	0.0
DepTime night	0.27235900372172933
ArrTime morning	0.1853907815631264
ArrTime midday	0.24960492413398247
ArrTime afternoon	0.1443830518179216
ArrTime evening	0.0
ArrTime night	0.27355568279415987
AirTime veryShort	0.5784235136940545
AirTime short	0.09488977955911825
AirTime medium	0.3163159652638614
AirTime long	0.0
AirTime veryLong	0.0003507014028056113
ArrDelay early	0.24048096192384788
ArrDelay onTime	0.06012024048096194
ArrDelay short	0.06112224448897798
ArrDelay acceptable	0.311690046760187
ArrDelay long	0.12324649298597203
ArrDelay veryLong	0.19331997327989317
DepDelay none	0.08416833667334674
DepDelay short	0.13877755511022052
DepDelay acceptable	0.06412825651302609
DepDelay long	0.2242484969939881
DepDelay veryLong	0.340380761523046
Origin main	0.3150300601202434
Origin big	0.018036072144288574
Origin medium	0.2144288577154301
Origin small	0.23246492985971962
Dest main	0.14308617234468915
Dest big	0.14248496993987986
Dest medium	0.29639278557114174
Dest small	0.3927855711422849
Distance veryShort	0.004849699398797595
Distance short	0.3406012024048103
Distance medium	0.6244889779559119
Distance long	0.0
Distance veryLong	0.030060120240480954
TaxiIn short	0.9585170340681369
TaxiIn medium	0.004008016032064128
TaxiIn long	0.02745490981963927
TaxiOut short	0.7709418837675354
TaxiOut medium	0.003607214428857715
TaxiOut long	0.21543086172344708
CarrierDelay none	0.04008016032064128
CarrierDelay short	0.10370741482965938
CarrierDelay acceptable	0.07915831663326657
CarrierDelay long	0.02905811623246492
CarrierDelay veryLong	0.10070140280561127
WeatherDelay none	0.4949899799599203
WeatherDelay short	0.002004008016032064
WeatherDelay acceptable	0.0
WeatherDelay long	0.0
WeatherDelay veryLong	0.002004008016032064
SecurityDelay none	0.4919839679358722
SecurityDelay short	0.0060120240480961915
SecurityDelay acceptable	0.001002004008016032
SecurityDelay long	0.0
SecurityDelay veryLong	0.0
LateAircraftDelay none	0.06913827655310624
LateAircraftDelay short	0.0711422845691383
LateAircraftDelay acceptable	0.026052104208416832
LateAircraftDelay long	0.09151636606546426
LateAircraftDelay veryLong	0.24114896459585852
