{
"name": "resume",
"children":[
{
"name": "Month",
"children": [
{"name": "winter","size": 1.0},
{"name": "spring","size": 0.0},
{"name": "summer","size": 0.0},
{"name": "autumn","size": 0.0}
]
},
{
"name": "DayOfMonth",
"children": [
{"name": "beginning","size": 1.0},
{"name": "middle","size": 0.0},
{"name": "end","size": 0.0}
]
},
{
"name": "DayOfWeek",
"children": [
{"name": "beginning","size": 0.0},
{"name": "end","size": 1.0},
{"name": "weekend","size": 0.0}
]
},
{
"name": "DepTime",
"children": [
{"name": "morning","size": 0.292224448898},
{"name": "midday","size": 0.163131978242},
{"name": "afternoon","size": 0.248310907529},
{"name": "evening","size": 0.272359003722},
{"name": "night","size": 0.0}
]
},
{
"name": "ArrTime",
"children": [
{"name": "morning","size": 0.185390781563},
{"name": "midday","size": 0.144383051818},
{"name": "afternoon","size": 0.249604924134},
{"name": "evening","size": 0.273555682794},
{"name": "night","size": 0.0}
]
},
{
"name": "AirTime",
"children": [
{"name": "veryShort","size": 0.578423513694},
{"name": "short","size": 0.316315965264},
{"name": "medium","size": 0.0948897795591},
{"name": "long","size": 0.000350701402806},
{"name": "veryLong","size": 0.0}
]
},
{
"name": "ArrDelay",
"children": [
{"name": "early","size": 0.240480961924},
{"name": "onTime","size": 0.061122244489},
{"name": "short","size": 0.060120240481},
{"name": "acceptable","size": 0.123246492986},
{"name": "long","size": 0.31169004676},
{"name": "veryLong","size": 0.19331997328}
]
},
{
"name": "DepDelay",
"children": [
{"name": "none","size": 0.0841683366733},
{"name": "short","size": 0.064128256513},
{"name": "acceptable","size": 0.13877755511},
{"name": "long","size": 0.340380761523},
{"name": "veryLong","size": 0.224248496994}
]
},
{
"name": "Origin",
"children": [
{"name": "main","size": 0.31503006012},
{"name": "big","size": 0.214428857715},
{"name": "medium","size": 0.0180360721443},
{"name": "small","size": 0.23246492986}
]
},
{
"name": "Dest",
"children": [
{"name": "main","size": 0.143086172345},
{"name": "big","size": 0.296392785571},
{"name": "medium","size": 0.14248496994},
{"name": "small","size": 0.392785571142}
]
},
{
"name": "Distance",
"children": [
{"name": "veryShort","size": 0.0048496993988},
{"name": "short","size": 0.624488977956},
{"name": "medium","size": 0.340601202405},
{"name": "long","size": 0.0300601202405},
{"name": "veryLong","size": 0.0}
]
},
{
"name": "TaxiIn",
"children": [
{"name": "short","size": 0.958517034068},
{"name": "medium","size": 0.0274549098196},
{"name": "long","size": 0.00400801603206}
]
},
{
"name": "TaxiOut",
"children": [
{"name": "short","size": 0.770941883768},
{"name": "medium","size": 0.215430861723},
{"name": "long","size": 0.00360721442886}
]
},
{
"name": "CarrierDelay",
"children": [
{"name": "none","size": 0.0400801603206},
{"name": "short","size": 0.0791583166333},
{"name": "acceptable","size": 0.10370741483},
{"name": "long","size": 0.100701402806},
{"name": "veryLong","size": 0.0290581162325}
]
},
{
"name": "WeatherDelay",
"children": [
{"name": "none","size": 0.49498997996},
{"name": "short","size": 0.0},
{"name": "acceptable","size": 0.00200400801603},
{"name": "long","size": 0.00200400801603},
{"name": "veryLong","size": 0.0}
]
},
{
"name": "SecurityDelay",
"children": [
{"name": "none","size": 0.491983967936},
{"name": "short","size": 0.00100200400802},
{"name": "acceptable","size": 0.0060120240481},
{"name": "long","size": 0.0},
{"name": "veryLong","size": 0.0}
]
},
{
"name": "LateAircraftDelay",
"children": [
{"name": "none","size": 0.0691382765531},
{"name": "short","size": 0.0260521042084},
{"name": "acceptable","size": 0.0711422845691},
{"name": "long","size": 0.241148964596},
{"name": "veryLong","size": 0.0915163660655}
]
}
]
}