Month,DayOfMonth,DayOfWeek,DepTime,ArrTime,AirTime,ArrDelay,DepDelay,Origin,Dest,Distance,TaxiIn,TaxiOut,CarrierDelay,WeatherDelay,SecurityDelay,LateAircraftDelay
winter,spring,summer,autumn
1.0000000000000009,0.0,0.0,0.0
beginning,middle,end
1.0000000000000009,0.0,0.0
beginning,end,weekend
0.0,0.0,1.0000000000000009
morning,midday,afternoon,evening,night
0.29222444889779575,0.24831090752934462,0.16313197824219877,0.0,0.27235900372172933
morning,midday,afternoon,evening,night
0.1853907815631264,0.24960492413398247,0.1443830518179216,0.0,0.27355568279415987
veryShort,short,medium,long,veryLong
0.5784235136940545,0.09488977955911825,0.3163159652638614,0.0,0.0003507014028056113
early,onTime,short,acceptable,long,veryLong
0.24048096192384788,0.06012024048096194,0.06112224448897798,0.311690046760187,0.12324649298597203,0.19331997327989317
none,short,acceptable,long,veryLong
0.08416833667334674,0.13877755511022052,0.06412825651302609,0.2242484969939881,0.340380761523046
main,big,medium,small
0.3150300601202434,0.018036072144288574,0.2144288577154301,0.23246492985971962
main,big,medium,small
0.14308617234468915,0.14248496993987986,0.29639278557114174,0.3927855711422849
veryShort,short,medium,long,veryLong
0.004849699398797595,0.3406012024048103,0.6244889779559119,0.0,0.030060120240480954
short,medium,long
0.9585170340681369,0.004008016032064128,0.02745490981963927
short,medium,long
0.7709418837675354,0.003607214428857715,0.21543086172344708
none,short,acceptable,long,veryLong
0.04008016032064128,0.10370741482965938,0.07915831663326657,0.02905811623246492,0.10070140280561127
none,short,acceptable,long,veryLong
0.4949899799599203,0.002004008016032064,0.0,0.0,0.002004008016032064
none,short,acceptable,long,veryLong
0.4919839679358722,0.0060120240480961915,0.001002004008016032,0.0,0.0
none,short,acceptable,long,veryLong
0.06913827655310624,0.0711422845691383,0.026052104208416832,0.09151636606546426,0.24114896459585852
